gate_id,owner,evidence_ref,evidence_sha256,status,approval_authority,approval_ref,freeze_id
BOUNDARY,PL,pilot_access_audit.md,38283ad59642b443e2d98fa32590aed4c26b712fe75138a4b3f4d096d8d279c3,RECORDED_REVERIFY,access auditor,,
SENTINELS,PL,pilot_sentinel_registry.csv,cf0ce9dfd2e2836f467ced63db0a158f701f7048c4c08e769abb8d4bdac0a575,RECORDED_REVERIFY,PL,,
A_READINESS,A,governance/branch_a_execution_attestation_2026-10-04.json,0ef3a059e2e76d36527b67cf05e01f4552d28caa3ddb47d071746fce4f0be574,PASS_SCOPED,PL,,
A_ALL_FAMILY_RUNNER,A,restricted attestation pending,,PENDING,PL,,
B_CURRENT_TESTS,B,governance/week3_execution_evidence_2026-10-02.json,5e4804d2ef4a7ceebabcddb10fe6958244fc9473f31fc7a9d15bc3f3d21bba8d,PASS_SCOPED,PL,,
B_CURRENT_CI,B,governance/current_ci_evidence_2026-10-04.json,e94ee814fc6f2d8040c0bcceaa4df968ae477bb81e87a7d7c33d0f0d6a43c13d,PASS_SCOPED,PL,,
B_CORRELATION,B,branch_b/decision_proposals/week3_numerical_rules_proposal.md,a57807bb2f1c0856f22a18b5026c7c25dfe8bcf99dfd9740b1314d057172465c,PENDING,B review + PL,,
B_TOLERANCES,B,branch_b/decision_proposals/week3_numerical_rules_proposal.md,a57807bb2f1c0856f22a18b5026c7c25dfe8bcf99dfd9740b1314d057172465c,PENDING,B review + PL,,
B_SIGMOID,B,branch_b/decision_proposals/common_fitter_source_conformance_2026-10-02.md,085f2cca85e3ba00b2abd18d1c5e327fd97dc8e88875afe756ce4a56f5c32580,PENDING,B review + PL,,
B_INIT,B,branch_b/decision_proposals/common_fitter_source_conformance_2026-10-02.md,085f2cca85e3ba00b2abd18d1c5e327fd97dc8e88875afe756ce4a56f5c32580,PENDING,B review + PL,,
B_POSITIVITY,B,branch_b/decision_proposals/common_fitter_source_conformance_2026-10-02.md,085f2cca85e3ba00b2abd18d1c5e327fd97dc8e88875afe756ce4a56f5c32580,PENDING,B review + PL,,
B_VALUATION_SANITY,B,prespecified invariant and passing criterion,,PENDING,PL,,
B_FITTER_EXECUTABLE,B,source-conformance and golden evidence,,PENDING,PL,,
B_METHOD_PACKAGE,B,final cards and processing rules,,PENDING,PL,,
CUSTODIAN_OPERATIONAL,custodian,dated access/availability attestation,,PENDING,PL,,
SEALED_PRECISION_CONTRACT,custodian+PL,governance/week4/sealed_contract_decision_packet.md,8e90257e8aa6a62d23db3a8fd245247681fd57ea07eb8c2aa7a8a5d037d5a38a,PENDING,PL + Faculty,,
MINIMUM_EFFECT_PROVENANCE,PL,governance/minimum_effect_provenance_review_2026-10-04.md,6ff9d744602747b1cecf9336784aadc15311d3efd434002f1b159cc22e9b0847,PENDING_RECONCILIATION,PL + Faculty,,
FACULTY_CONCEPT,Faculty,signed concept/governance decision,,PENDING,Faculty,,
FACULTY_EXCHANGE,Faculty,signed pilot-exchange decision,,PENDING,Faculty,,
FINAL_PL_EXCHANGE,PL,governance/pl_pilot_exchange_decision_template.json,085afd5fb6bd1984f1985ab1cb2f13f96fcc760d446e5d39b9c1c4161125458b,PENDING,PL,,
