criterion_id,criterion,owner,expected_artifact,permitted_pl_evidence,status,evidence_ref,evidence_sha256,approver,approval_date_utc,freeze_id,blocker
J.1,Both branches pass the shared machine-readable schema-conformance suite.,A+B+PL,shared schema reports,reviewed attestation only where restricted; no raw truth,PENDING,,,,,,requires criterion-specific execution or approval; template is not evidence
J.2,Every pilot dataset is reproduced byte-for-byte from its frozen configuration and recorded seeds.,A; custodian attests to PL,A reproduction attestation,reviewed attestation only where restricted; no raw truth,PENDING,,,,,,requires criterion-specific execution or approval; template is not evidence
J.3,Branch B produces every required output without access to sealed ground truth or prohibited generator information.,B+PL,B output manifest and access audit,reviewed attestation only where restricted; no raw truth,PENDING,,,,,,requires criterion-specific execution or approval; template is not evidence
J.4,"Rooted-triplet accuracy, LCA-depth comparison, distortion, bootstrap stability, checksum, and failure-code implementations pass the golden test suite.",B+evaluation custodian,recovery/evaluation golden reports,reviewed attestation only where restricted; no raw truth,PENDING,,,,,,requires criterion-specific execution or approval; template is not evidence
J.5,All development positive controls complete without input-schema or output-schema errors.,A+B,development positive-control schema reports,reviewed attestation only where restricted; no raw truth,PENDING,,,,,,requires criterion-specific execution or approval; template is not evidence
J.6,"The pilot positive controls demonstrate that the frozen common post-geometry normalization, fitting, and evaluation procedure can recover favorable known hierarchical structure under the provisional sanity criterion, and the valuation geometry passes its separately prespecified favorable-feature implementation sanity check, whose invariant and minimum criterion were frozen before Branch B received or inspected the designated control, without tuning to pilot recovery performance.",B+evaluation custodian,prespecified sanity rule and custodian pass attestation,reviewed attestation only where restricted; no raw truth,PENDING,,,,,,requires criterion-specific execution or approval; template is not evidence
J.7,"The pilot datasets from both pilot-designated null families complete a dry-run of the threshold-calibration workflow for every registered primary geometry × candidate Common- Fitter combination, including documented unsuccessful or indeterminate fits. Pilot datasets are not used to estimate official confirmatory thresholds; official calibration is performed only after the bounded post-pilot operational revision has frozen the permitted pilot-dependent numerical rules.",B+custodian,pilot null dryrun completeness report,reviewed attestation only where restricted; no raw truth,PENDING,,,,,,requires criterion-specific execution or approval; template is not evidence
J.8,"Timeouts, degenerate distances, degenerate trees, insufficient bootstrap fits, and non-finite results produce the expected frozen failure records.",A+B,failure golden reports,reviewed attestation only where restricted; no raw truth,PENDING,,,,,,requires criterion-specific execution or approval; template is not evidence
J.9,"No generator identity, hierarchy status, condition, parameter, or latent label is detectable from filenames, directories, row ordering, identifiers, metadata, numerical precision, timestamps, compression, missingness, or file-size conventions.",A+B+PL,metadata and disclosure audit,reviewed attestation only where restricted; no raw truth,PENDING,,,,,,requires criterion-specific execution or approval; template is not evidence
J.10,"Branch A and Branch B agree on canonical sample ordering, matrix indexing, schema versions, manifests, and checksums.",A+B+PL,versioned shared interface agreement,reviewed attestation only where restricted; no raw truth,PENDING,,,,,,requires criterion-specific execution or approval; template is not evidence
J.11,"Runtime, peak memory, failed-fit rate, storage per dataset, projected total storage, and projected full-experiment compute requirements are documented.",B+PL,compute benchmark and resource projection,reviewed attestation only where restricted; no raw truth,PENDING,,,,,,requires criterion-specific execution or approval; template is not evidence
J.12,The Project Lead confirms that available computing capacity is feasible under the proposed repetition and bootstrap counts.,PL,capacity approval,reviewed attestation only where restricted; no raw truth,PENDING,,,,,,requires criterion-specific execution or approval; template is not evidence
J.13,Every pilot-dependent quantity in Appendix G.4 has a proposed final value supported by pilot feasibility evidence.,A+B+PL+Faculty,G.4 revision proposal and feasibility evidence,reviewed attestation only where restricted; no raw truth,PENDING,,,,,,requires criterion-specific execution or approval; template is not evidence
J.14,"The independent null validation bank is fully specified, is disjoint from calibration and locked null evaluation at the realization and seed levels, and can be evaluated after Common- Fitter selection without recalibrating any threshold.",A+PL via separation attestation,independent-bank specification and separation attestation,reviewed attestation only where restricted; no raw truth,PENDING,,,,,,requires criterion-specific execution or approval; template is not evidence
J.15,"Branch A submits its complete generator, control-family, matching, environment, reproducibility, and failure-rule lock package.",A,A lock-package attestation,reviewed attestation only where restricted; no raw truth,PENDING,,,,,,requires criterion-specific execution or approval; template is not evidence
J.16,"Branch B submits complete Geometry Cards, Common Fitter Cards, geometry-registration records, the proposed Common Fitter, geometry-neutral fitter-selection rule, geometry-specific hyperparameter rules, bootstrap rules, environment record, and failure-rule lock package.",B,B complete method lock package,reviewed attestation only where restricted; no raw truth,PENDING,,,,,,requires criterion-specific execution or approval; template is not evidence
J.17,The evaluation code passes development-data and golden-case tests and is frozen with a version identifier and checksum.,evaluation custodian+PL,evaluation version/checksum and golden report,reviewed attestation only where restricted; no raw truth,PENDING,,,,,,requires criterion-specific execution or approval; template is not evidence
J.18,"Every unresolved deviation, waiver, or corrective action is recorded in the freeze registry.",PL+Faculty,deviation log and freeze registry,reviewed attestation only where restricted; no raw truth,PENDING,,,,,,requires criterion-specific execution or approval; template is not evidence
